-- phpMyAdmin SQL Dump
-- version 4.8.5
-- https://www.phpmyadmin.net/
--
-- 主机： localhost
-- 生成日期： 2025-05-12 08:52:01
-- 服务器版本： 5.7.26
-- PHP 版本： 7.3.4

SET SQL_MODE = "NO_AUTO_VALUE_ON_ZERO";
SET AUTOCOMMIT = 0;
START TRANSACTION;
SET time_zone = "+00:00";


/*!40101 SET @OLD_CHARACTER_SET_CLIENT=@@CHARACTER_SET_CLIENT */;
/*!40101 SET @OLD_CHARACTER_SET_RESULTS=@@CHARACTER_SET_RESULTS */;
/*!40101 SET @OLD_COLLATION_CONNECTION=@@COLLATION_CONNECTION */;
/*!40101 SET NAMES utf8mb4 */;

--
-- 数据库： `flask_blog`
--

-- --------------------------------------------------------

--
-- 表的结构 `articles`
--

CREATE TABLE `articles` (
  `id` int(11) NOT NULL,
  `title` varchar(255) COLLATE utf8_unicode_ci NOT NULL,
  `content` blob NOT NULL,
  `create_time` datetime DEFAULT NULL,
  `update_time` datetime DEFAULT NULL
) ENGINE=MyISAM DEFAULT CHARSET=utf8 COLLATE=utf8_unicode_ci;

--
-- 转存表中的数据 `articles`
--

INSERT INTO `articles` (`id`, `title`, `content`, `create_time`, `update_time`) VALUES
(1, 'mapped使用方法', 0x23e6a087e9a2980d0a2323e4ba8ce7baa7e6a087e9a2980d0a232323e6b58be8af95e4b889e7baa70d0a23232323343434340d0a232323232331efbc9f35210d0a0d0a6060600d0a6e616d653a204d61707065645b7374725d203d206d61707065645f636f6c756d6e28537472696e6728313238292c20756e69717565203d2054757265202c206e756c6c61626c65203d2046616c7365296173640d0a606060, '2025-04-26 17:30:16', '2025-05-12 01:16:20'),
(2, 'back_populates 双向关联 ', 0x6e616d653a206465706172746d656e743a204d61707065645b4465706172746d656e745d203d2072656c6174696f6e73686970286c617a79203d2046616c73652c206261636b5f706f70756c61746573203d2022656d706c6f79656573222029, '2025-04-26 17:30:16', '2025-05-12 01:22:37'),
(3, 'flask如何连接数据库', 0x6170702e636f6e6669675b2753514c414c4348454d595f44415441424153455f555249275d203d20276d7973716c2b6d7973716c64623a2f2f726f6f743a726f6f74406c6f63616c686f73743a333330362f666c61736b5f626c6f6727, '2025-04-26 18:02:39', '2025-05-12 01:25:14'),
(4, 'sqlalchemy关联表', 0x636f6c756d6ee8aebee7bdaee4b8ade79a842073716c616c6368656d792e466f726569676e4b657928226465706172746d656e745f7461626c652e69642229, '2025-04-26 18:02:39', '2025-05-12 01:25:23'),
(5, '失败报错', 0x696620726573756c743a0d0a20202020666c617368286627e6aca2e8bf8e7b757365722e66756c6c6e616d657de59b9ee69da5272c63617465676f72793d277375636365737327290d0a2020202072657475726e2072656469726563742875726c5f666f722827686f6d655f706167652729290d0a656c73653a0d0a20202020666c6173682827e794a8e688b7e5908de68896e5af86e7a081e99499e8afaf2ce8afb7e9878de8af95efbc81272c63617465676f72793d2764616e6765722729, '2025-05-11 13:04:12', '2025-05-12 01:25:33'),
(6, '登出', 0x2727270d0a3c212d2d20e58fb3e4bea7e5afbce888aae9a1b9202d20e6a0b9e68daee799bbe5bd95e78ab6e68081e698bee7a4bae4b88de5908ce58685e5aeb9202d2d3e0d0a3c756c20636c6173733d226e61766261722d6e6176223e0d0a202020207b252069662063757272656e745f757365722e69735f61757468656e7469636174656420257d0d0a20202020202020203c6c6920636c6173733d226e61762d6974656d223e0d0a2020202020202020202020203c7370616e20636c6173733d226e61762d6c696e6b223ee6aca2e8bf8e207b7b2063757272656e745f757365722e66756c6c6e616d65207d7d3c2f7370616e3e0d0a20202020202020203c2f6c693e0d0a20202020202020203c6c6920636c6173733d226e61762d6974656d20642d666c6578223e0d0a2020202020202020202020203c6120636c6173733d226e61762d6c696e6b206d652d332220687265663d2223223ee58f91e5b883e696b0e69687e7aba03c2f613e0d0a2020202020202020202020203c6120636c6173733d226e61762d6c696e6b2220687265663d227b7b2075726c5f666f7228276c6f676f75745f706167652729207d7d223ee98080e587ba3c2f613e0d0a20202020202020203c2f6c693e0d0a202020207b2520656c736520257d0d0a20202020202020203c6c6920636c6173733d226e61762d6974656d223e0d0a2020202020202020202020203c6120636c6173733d226e61762d6c696e6b2220687265663d227b7b2075726c5f666f7228276c6f67696e5f706167652729207d7d223ee799bbe5bd953c2f613e0d0a20202020202020203c2f6c693e0d0a202020207b2520656e64696620257d0d0a3c2f756c3e0d0a3c212d2d20e8aebee7bdaee98080e587bae68c89e992aee5928ce8b7b3e8bdac202d2d3e0d0a272727, '2025-05-11 13:04:51', '2025-05-12 01:25:46'),
(7, 'flask-login', 0xe5afb9e4b880e4b8aae4bdbfe794a820466c61736b2d4c6f67696e20e79a84e5ba94e794a8e69c80e9878de8a681e79a84e4b880e983a8e58886e5b0b1e698af205b604c6f67696e4d616e61676572605d2868747470733a2f2f77697a617264666f7263656c2e676974626f6f6b732e696f2f666c61736b2d657874656e73696f6e2d646f63732f636f6e74656e742f666c61736b2d6c6f67696e2e68746d6c23666c61736b2e6578742e6c6f67696e2e4c6f67696e4d616e616765722920e7b1bbe38082e4bda0e5ba94e8afa5e59ca8e4bda0e79a84e4bba3e7a081e79a84e69f90e5a484e4b8bae5ba94e794a8e5889be5bbbae4b880e4b8aaefbc8ce5838fe8bf99e6a0b73a0d0a0d0a6060600d0a6c6f67696e5f6d616e61676572203d204c6f67696e4d616e6167657228290d0a6060600d0a0d0ae799bbe5bd95e7aea1e79086286c6f67696e206d616e6167657229e58c85e590abe4ba86e8aea9e4bda0e79a84e5ba94e794a8e5928c20466c61736b2d4c6f67696e20e58d8fe5908ce5b7a5e4bd9ce79a84e4bba3e7a081efbc8ce6af94e5a682e6808ee6a0b7e4bb8ee4b880e4b8aa20494420e58aa0e8bdbde794a8e688b7efbc8ce5bd93e794a8e688b7e99c80e8a681e799bbe5bd95e79a84e697b6e58099e8b7b3e8bdace588b0e593aae9878ce7ad89e7ad89e380820d0a0d0ae4b880e697a6e5ae9ee99985e79a84e5ba94e794a8e5afb9e8b1a1e5889be5bbbae5908eefbc8ce4bda0e883bde5a49fe8bf99e6a0b7e9858de7bdaee5ae83e69da5e5ae9ee78eb0e799bbe5bd953a0d0a0d0a6060600d0a6c6f67696e5f6d616e616765722e696e69745f61707028617070290d0a6060600d0a, '2025-05-11 13:06:05', '2025-05-12 01:25:55');

-- --------------------------------------------------------

--
-- 表的结构 `article_tags`
--

CREATE TABLE `article_tags` (
  `article_id` int(11) NOT NULL,
  `tag_id` int(11) NOT NULL
) ENGINE=MyISAM DEFAULT CHARSET=utf8 COLLATE=utf8_unicode_ci;

--
-- 转存表中的数据 `article_tags`
--

INSERT INTO `article_tags` (`article_id`, `tag_id`) VALUES
(1, 1),
(2, 1),
(2, 2),
(2, 3),
(3, 2),
(3, 3),
(4, 3),
(5, 1),
(6, 1),
(6, 2),
(6, 4),
(7, 2),
(7, 3);

-- --------------------------------------------------------

--
-- 表的结构 `comments`
--

CREATE TABLE `comments` (
  `id` int(11) NOT NULL,
  `content` text COLLATE utf8_unicode_ci NOT NULL,
  `create_time` timestamp NOT NULL DEFAULT CURRENT_TIMESTAMP ON UPDATE CURRENT_TIMESTAMP,
  `user_id` int(11) NOT NULL,
  `article_id` int(11) NOT NULL
) ENGINE=MyISAM DEFAULT CHARSET=utf8 COLLATE=utf8_unicode_ci;

--
-- 转存表中的数据 `comments`
--

INSERT INTO `comments` (`id`, `content`, `create_time`, `user_id`, `article_id`) VALUES
(1, '666666666666666666666666', '2025-05-11 17:54:31', 1, 1),
(2, '5555555555555', '2025-05-11 17:54:56', 3, 1),
(3, '你真厉害', '2025-05-11 17:55:02', 3, 1),
(4, '你说得对', '2025-05-11 17:55:08', 3, 1),
(5, '66', '2025-05-11 17:55:25', 3, 2),
(6, '对吗？', '2025-05-11 18:06:43', 1, 1);

-- --------------------------------------------------------

--
-- 表的结构 `tags`
--

CREATE TABLE `tags` (
  `id` int(11) NOT NULL,
  `name` varchar(50) COLLATE utf8_unicode_ci NOT NULL
) ENGINE=MyISAM DEFAULT CHARSET=utf8 COLLATE=utf8_unicode_ci;

--
-- 转存表中的数据 `tags`
--

INSERT INTO `tags` (`id`, `name`) VALUES
(1, 'python'),
(2, 'flask'),
(3, 'sqlalchemy'),
(4, 'html');

-- --------------------------------------------------------

--
-- 表的结构 `users`
--

CREATE TABLE `users` (
  `id` int(11) NOT NULL,
  `username` varchar(80) COLLATE utf8_unicode_ci NOT NULL,
  `password` varchar(255) COLLATE utf8_unicode_ci NOT NULL,
  `fullname` varchar(255) COLLATE utf8_unicode_ci NOT NULL,
  `description` varchar(255) COLLATE utf8_unicode_ci DEFAULT NULL,
  `role` varchar(50) COLLATE utf8_unicode_ci DEFAULT NULL
) ENGINE=MyISAM DEFAULT CHARSET=utf8 COLLATE=utf8_unicode_ci;

--
-- 转存表中的数据 `users`
--

INSERT INTO `users` (`id`, `username`, `password`, `fullname`, `description`, `role`) VALUES
(1, 'root', 'root', 'Yanan', '我是管理员雅楠', 'admin'),
(2, '114514', '114514', 'pp', '我是颠佬', 'user'),
(3, 'test', 'test', 'pp', '我是颠佬', 'user');

--
-- 转储表的索引
--

--
-- 表的索引 `articles`
--
ALTER TABLE `articles`
  ADD PRIMARY KEY (`id`),
  ADD UNIQUE KEY `title` (`title`);

--
-- 表的索引 `article_tags`
--
ALTER TABLE `article_tags`
  ADD PRIMARY KEY (`article_id`,`tag_id`),
  ADD KEY `tag_id` (`tag_id`);

--
-- 表的索引 `comments`
--
ALTER TABLE `comments`
  ADD PRIMARY KEY (`id`),
  ADD KEY `user_id` (`user_id`),
  ADD KEY `article_id` (`article_id`);

--
-- 表的索引 `tags`
--
ALTER TABLE `tags`
  ADD PRIMARY KEY (`id`),
  ADD UNIQUE KEY `name` (`name`);

--
-- 表的索引 `users`
--
ALTER TABLE `users`
  ADD PRIMARY KEY (`id`),
  ADD UNIQUE KEY `username` (`username`);

--
-- 在导出的表使用AUTO_INCREMENT
--

--
-- 使用表AUTO_INCREMENT `articles`
--
ALTER TABLE `articles`
  MODIFY `id` int(11) NOT NULL AUTO_INCREMENT, AUTO_INCREMENT=13;

--
-- 使用表AUTO_INCREMENT `comments`
--
ALTER TABLE `comments`
  MODIFY `id` int(11) NOT NULL AUTO_INCREMENT, AUTO_INCREMENT=7;

--
-- 使用表AUTO_INCREMENT `tags`
--
ALTER TABLE `tags`
  MODIFY `id` int(11) NOT NULL AUTO_INCREMENT, AUTO_INCREMENT=5;

--
-- 使用表AUTO_INCREMENT `users`
--
ALTER TABLE `users`
  MODIFY `id` int(11) NOT NULL AUTO_INCREMENT, AUTO_INCREMENT=4;
COMMIT;

/*!40101 SET CHARACTER_SET_CLIENT=@OLD_CHARACTER_SET_CLIENT */;
/*!40101 SET CHARACTER_SET_RESULTS=@OLD_CHARACTER_SET_RESULTS */;
/*!40101 SET COLLATION_CONNECTION=@OLD_COLLATION_CONNECTION */;
